-- ========================================
-- 用户系统测试数据
-- ========================================

-- 插入测试用户数据
INSERT INTO users (username, password, avatar_url, created_at, updated_at) VALUES
('admin', '$2a$10$N.zmdr9k7uOCQb376NoUnuTJ8iAt6Z5EHsM8lE9lBOsl7iKTVEFDa', 'http://localhost:8080/avatars/admin.jpg', NOW(), NOW()),
('doctor001', '$2a$10$N.zmdr9k7uOCQb376NoUnuTJ8iAt6Z5EHsM8lE9lBOsl7iKTVEFDa', 'http://localhost:8080/avatars/doctor001.jpg', NOW(), NOW()),
('nurse001', '$2a$10$N.zmdr9k7uOCQb376NoUnuTJ8iAt6Z5EHsM8lE9lBOsl7iKTVEFDa', 'http://localhost:8080/avatars/nurse001.jpg', NOW(), NOW()),
('researcher001', '$2a$10$N.zmdr9k7uOCQb376NoUnuTJ8iAt6Z5EHsM8lE9lBOsl7iKTVEFDa', 'http://localhost:8080/avatars/researcher001.jpg', NOW(), NOW());

-- ========================================
-- 临床系统测试数据
-- ========================================

-- 插入测试患者数据
INSERT INTO clinical_patient_info (patient_no, name, gender, birth_date, height, weight, birth_weight, medical_insurance_type, medical_insurance_no, id_card_no, phone_no, address, emergency_contact, emergency_phone, created_at, updated_at) VALUES
('P001', '张三', 1, '1985-05-15', 175.5, 70.2, 3.2, 1, 'YB001234567', '110101198505150011', '13800138001', '北京市海淀区中关村大街123号', '张小三', '13900139001', '2023-12-01 09:00:00', NOW()),
('P002', '李四', 0, '1990-08-22', 165.0, 55.8, 2.8, 2, 'YB002345678', '110101199008220022', '13800138002', '北京市朝阳区建国路456号', '李大四', '13900139002', '2023-12-02 10:15:00', NOW()),
('P003', '王五', 1, '1988-12-10', 180.0, 75.5, 3.5, 1, 'YB003456789', '110101198812100033', '13800138003', '北京市西城区西单街789号', '王老五', '13900139003', '2023-12-03 11:30:00', NOW()),
('P004', '赵六', 0, '1992-03-18', 168.0, 58.0, 3.0, 3, 'YB004567890', '110101199203180044', '13800138004', '北京市东城区东单街101号', '赵小六', '13900139004', '2023-12-04 14:20:00', NOW()),
('P005', '钱七', 1, '1987-07-25', 172.0, 68.0, 3.3, 1, 'YB005678901', '110101198707250055', '13800138005', '北京市丰台区丰台路202号', '钱大七', '13900139005', '2023-12-05 15:40:00', NOW()),
('P006', '孙八', 0, '1995-11-30', 162.0, 52.0, 2.9, 2, 'YB006789012', '110101199511300066', '13800138006', '北京市石景山区石景山路303号', '孙小八', '13900139006', '2023-12-06 16:50:00', NOW()),
('P007', '周九', 1, '1983-09-12', 178.0, 72.0, 3.4, 1, 'YB007890123', '110101198309120077', '13800138007', '北京市通州区通州路404号', '周老九', '13900139007', '2023-12-07 17:10:00', NOW()),
('P008', '吴十', 0, '1993-04-05', 166.0, 56.0, 3.1, 2, 'YB008901234', '110101199304050088', '13800138008', '北京市大兴区大兴路505号', '吴小十', '13900139008', '2023-12-08 18:20:00', NOW()),
('P009', '测试无电话', 1, '1991-06-10', 170.0, 65.0, 3.0, 1, 'YB009012345', '', '', '北京市昌平区测试路1号', '联系人A', '13900139009', '2023-12-09 09:00:00', NOW()),
('P010', '测试无身份证', 0, '1994-12-20', 160.0, 50.0, 2.7, 2, 'YB010123456', '', '13800138010', '北京市顺义区测试路2号', '联系人B', '13900139010', '2023-12-10 10:00:00', NOW()),
('P011', '测试无电话身份证', 1, '1996-03-15', 175.0, 70.0, 3.2, 3, 'YB011234567', '', '', '北京市房山区测试路3号', '联系人C', '13900139011', '2023-12-11 11:00:00', NOW());

-- 插入测试就诊记录
INSERT INTO clinical_visit_record (patient_id, visit_no, visit_time, department, visit_type, doctor_id, chief_complaint, created_at, updated_at) VALUES
(1, 'V001', '2024-01-15 09:30:00', '过敏科', 1, 2, '鼻塞、打喷嚏、流鼻涕，持续一周', NOW(), NOW()),
(1, 'V002', '2024-02-20 14:15:00', '呼吸科', 1, 2, '咳嗽、气喘，夜间加重', NOW(), NOW()),
(2, 'V003', '2024-01-18 10:45:00', '皮肤科', 1, 2, '面部皮疹、瘙痒，接触化妆品后加重', NOW(), NOW()),
(3, 'V004', '2024-02-25 16:20:00', '过敏科', 1, 2, '进食海鲜后出现荨麻疹、呼吸困难', NOW(), NOW()),
(4, 'V005', '2024-03-10 11:00:00', '呼吸科', 1, 2, '季节性哮喘发作，春季加重', NOW(), NOW()),
(5, 'V006', '2024-03-15 15:30:00', '过敏科', 1, 2, '花粉过敏，眼痒、鼻痒', NOW(), NOW()),
(6, 'V007', '2024-03-20 08:45:00', '皮肤科', 1, 2, '湿疹反复发作，皮肤干燥', NOW(), NOW()),
(7, 'V008', '2024-03-25 13:20:00', '呼吸科', 1, 2, '慢性咳嗽，怀疑过敏性咳嗽', NOW(), NOW()),
(8, 'V009', '2024-04-01 10:15:00', '过敏科', 1, 2, '药物过敏反应，皮疹、发热', NOW(), NOW()),
(1, 'V010', '2024-04-05 16:40:00', '过敏科', 2, 2, '急性过敏反应，需要紧急处理', NOW(), NOW());

-- 插入测试诊断记录
INSERT INTO clinical_diagnosis (visit_id, diagnosis_type, icd_code, severity, diagnosis_time, created_at, updated_at) VALUES
(1, '主要诊断', 'J30.9', '中度', '2024-01-15 10:00:00', NOW(), NOW()),
(1, '次要诊断', 'J30.1', '轻度', '2024-01-15 10:00:00', NOW(), NOW()),
(2, '主要诊断', 'J45.9', '中度', '2024-02-20 15:00:00', NOW(), NOW()),
(3, '主要诊断', 'L20.9', '中度', '2024-01-18 11:30:00', NOW(), NOW()),
(4, '主要诊断', 'T78.1', '重度', '2024-02-25 17:00:00', NOW(), NOW()),
(5, '主要诊断', 'J45.1', '中度', '2024-03-10 11:30:00', NOW(), NOW()),
(6, '主要诊断', 'J30.2', '轻度', '2024-03-15 16:00:00', NOW(), NOW()),
(7, '主要诊断', 'L20.8', '中度', '2024-03-20 09:30:00', NOW(), NOW()),
(8, '主要诊断', 'J45.2', '轻度', '2024-03-25 14:00:00', NOW(), NOW()),
(9, '主要诊断', 'T78.4', '中度', '2024-04-01 11:00:00', NOW(), NOW()),
(10, '主要诊断', 'T78.0', '重度', '2024-04-05 17:00:00', NOW(), NOW());

-- 插入测试检查记录
INSERT INTO clinical_examination (visit_id, exam_type, exam_time, exam_result, result_unit, reference_range, created_at, updated_at) VALUES
(1, '过敏原皮肤点刺试验', '2024-01-15 10:30:00', '尘螨++，花粉+，霉菌+', '等级', '阴性', NOW(), NOW()),
(1, '血清IgE检测', '2024-01-15 10:45:00', '450', 'IU/mL', '<100', NOW(), NOW()),
(2, '肺功能检查', '2024-02-20 15:30:00', 'FEV1: 75%', '%', '>80%', NOW(), NOW()),
(3, '皮肤斑贴试验', '2024-01-18 12:00:00', '镍++，铬+', '等级', '阴性', NOW(), NOW()),
(4, '血清特异性IgE', '2024-02-25 17:30:00', '虾类: 15.2', 'kUA/L', '<0.35', NOW(), NOW()),
(5, '支气管激发试验', '2024-03-10 12:00:00', '阳性', '定性', '阴性', NOW(), NOW()),
(6, '花粉计数', '2024-03-15 16:30:00', '1200', '粒/m³', '<100', NOW(), NOW()),
(7, '皮肤活检', '2024-03-20 10:00:00', '慢性湿疹改变', '病理', '正常', NOW(), NOW()),
(8, '呼出气一氧化氮', '2024-03-25 14:30:00', '45', 'ppb', '<25', NOW(), NOW()),
(9, '药物过敏试验', '2024-04-01 11:30:00', '青霉素阳性', '定性', '阴性', NOW(), NOW()),
(10, '血常规', '2024-04-05 17:30:00', '嗜酸性粒细胞: 8%', '%', '0.5-5%', NOW(), NOW());

-- ========================================
-- 流行病学系统测试数据
-- ========================================

-- 插入环境暴露数据
INSERT INTO epi_environment_exposure (patient_id, residence_type, building_material, ventilation_frequency, air_conditioning_usage, pet_exposure, smoking_exposure, created_at, updated_at) VALUES
(1, '公寓', '钢筋混凝土', '每日2-3次', '夏季使用，每周清洁滤网', 1, 0, NOW(), NOW()),
(2, '独栋住宅', '砖混结构', '每日1-2次', '很少使用', 0, 1, NOW(), NOW()),
(3, '公寓', '钢筋混凝土', '每日3-4次', '全年使用，定期维护', 1, 0, NOW(), NOW()),
(4, '联排别墅', '砖木结构', '每日2次', '夏季使用', 0, 0, NOW(), NOW()),
(5, '公寓', '钢筋混凝土', '每日1次', '不使用', 1, 1, NOW(), NOW()),
(6, '独栋住宅', '钢结构', '每日3次', '冬季使用', 0, 0, NOW(), NOW()),
(7, '公寓', '钢筋混凝土', '每日2次', '夏季使用', 1, 0, NOW(), NOW()),
(8, '联排别墅', '砖混结构', '每日1-2次', '很少使用', 0, 1, NOW(), NOW());

-- 插入环境监测数据
INSERT INTO epi_environment_monitor (location_code, monitor_time, pm25, temperature, humidity, pollen_concentration, allergen_level, created_at, updated_at) VALUES
('LOC001', '2024-01-15 08:00:00', 35.2, 15.5, 65.0, 120.5, '尘螨: 中等, 花粉: 低', NOW(), NOW()),
('LOC001', '2024-01-15 12:00:00', 45.8, 18.2, 58.0, 180.3, '尘螨: 中等, 花粉: 中等', NOW(), NOW()),
('LOC001', '2024-01-15 16:00:00', 52.1, 16.8, 62.0, 95.7, '尘螨: 中等, 花粉: 低', NOW(), NOW()),
('LOC002', '2024-02-20 08:00:00', 28.5, 12.3, 70.0, 85.2, '尘螨: 低, 花粉: 低', NOW(), NOW()),
('LOC002', '2024-02-20 12:00:00', 38.9, 15.7, 65.0, 150.8, '尘螨: 中等, 花粉: 中等', NOW(), NOW()),
('LOC002', '2024-02-20 16:00:00', 42.3, 14.1, 68.0, 110.4, '尘螨: 中等, 花粉: 低', NOW(), NOW()),
('LOC003', '2024-03-10 08:00:00', 55.6, 18.9, 55.0, 320.7, '尘螨: 高, 花粉: 高', NOW(), NOW()),
('LOC003', '2024-03-10 12:00:00', 68.2, 22.1, 50.0, 450.9, '尘螨: 高, 花粉: 很高', NOW(), NOW()),
('LOC003', '2024-03-10 16:00:00', 61.8, 19.5, 58.0, 380.2, '尘螨: 高, 花粉: 高', NOW(), NOW()),
('LOC004', '2024-04-01 08:00:00', 32.1, 20.3, 60.0, 280.5, '尘螨: 中等, 花粉: 高', NOW(), NOW()),
('LOC004', '2024-04-01 12:00:00', 41.7, 23.8, 55.0, 380.1, '尘螨: 中等, 花粉: 很高', NOW(), NOW()),
('LOC004', '2024-04-01 16:00:00', 38.9, 21.2, 62.0, 320.8, '尘螨: 中等, 花粉: 高', NOW(), NOW());

-- 插入生活方式调查数据
INSERT INTO epi_lifestyle_survey (patient_id, diet_pattern, exercise_frequency, sleep_quality, stress_level, created_at, updated_at) VALUES
(1, '均衡饮食', '每周3-4次', '良好', '中等', NOW(), NOW()),
(2, '素食为主', '每周1-2次', '一般', '高', NOW(), NOW()),
(3, '高蛋白饮食', '每周5-6次', '良好', '低', NOW(), NOW()),
(4, '地中海饮食', '每周2-3次', '一般', '中等', NOW(), NOW()),
(5, '低碳水饮食', '每周4-5次', '良好', '中等', NOW(), NOW()),
(6, '传统中餐', '每周1次', '一般', '高', NOW(), NOW()),
(7, '无麸质饮食', '每周3次', '良好', '低', NOW(), NOW()),
(8, '低盐饮食', '每周2次', '一般', '中等', NOW(), NOW());

-- ========================================
-- 生物样本库测试数据
-- ========================================

-- 插入样本信息
INSERT INTO biobank_sample_info (patient_id, sample_no, sample_type, collection_time, collection_method, processor, created_at, updated_at) VALUES
(1, 'S001', '血液', '2024-01-15 10:00:00', '静脉采血', '护士A', NOW(), NOW()),
(1, 'S002', '血清', '2024-01-15 10:15:00', '离心分离', '技师B', NOW(), NOW()),
(2, 'S003', '血液', '2024-01-18 11:00:00', '静脉采血', '护士A', NOW(), NOW()),
(3, 'S004', '皮肤组织', '2024-02-25 16:30:00', '皮肤活检', '医生C', NOW(), NOW()),
(4, 'S005', '血液', '2024-03-10 11:30:00', '静脉采血', '护士A', NOW(), NOW()),
(5, 'S006', '血清', '2024-03-15 16:15:00', '离心分离', '技师B', NOW(), NOW()),
(6, 'S007', '血液', '2024-03-20 09:00:00', '静脉采血', '护士A', NOW(), NOW()),
(7, 'S008', '皮肤组织', '2024-03-25 14:30:00', '皮肤活检', '医生C', NOW(), NOW()),
(8, 'S009', '血液', '2024-04-01 11:00:00', '静脉采血', '护士A', NOW(), NOW()),
(1, 'S010', '血清', '2024-04-05 17:15:00', '离心分离', '技师B', NOW(), NOW());

-- 插入存储信息
INSERT INTO biobank_storage_info (sample_id, storage_location, storage_temperature, storage_time, status, created_at, updated_at) VALUES
(1, 'A区-01-01', -80.0, '2024-01-15 11:00:00', '正常', NOW(), NOW()),
(2, 'A区-01-02', -80.0, '2024-01-15 11:30:00', '正常', NOW(), NOW()),
(3, 'A区-01-03', -80.0, '2024-01-18 12:00:00', '正常', NOW(), NOW()),
(4, 'B区-02-01', -196.0, '2024-02-25 17:00:00', '正常', NOW(), NOW()),
(5, 'A区-01-04', -80.0, '2024-03-10 12:00:00', '正常', NOW(), NOW()),
(6, 'A区-01-05', -80.0, '2024-03-15 17:00:00', '正常', NOW(), NOW()),
(7, 'A区-01-06', -80.0, '2024-03-20 10:00:00', '正常', NOW(), NOW()),
(8, 'B区-02-02', -196.0, '2024-03-25 15:00:00', '正常', NOW(), NOW()),
(9, 'A区-01-07', -80.0, '2024-04-01 12:00:00', '正常', NOW(), NOW()),
(10, 'A区-01-08', -80.0, '2024-04-05 18:00:00', '正常', NOW(), NOW());

-- 插入基因组数据
INSERT INTO biobank_genomic_data (sample_id, sequence_platform, sequence_type, gene_type, result_file_path, created_at, updated_at) VALUES
(1, 'Illumina NovaSeq 6000', '全基因组测序', '过敏相关基因', '/data/genomics/S001_WGS.vcf', NOW(), NOW()),
(3, 'Illumina HiSeq 4000', '外显子测序', '免疫相关基因', '/data/genomics/S003_WES.vcf', NOW(), NOW()),
(5, 'Illumina NovaSeq 6000', '全基因组测序', '过敏相关基因', '/data/genomics/S005_WGS.vcf', NOW(), NOW()),
(7, 'Illumina HiSeq 4000', '外显子测序', '免疫相关基因', '/data/genomics/S007_WES.vcf', NOW(), NOW()),
(9, 'Illumina NovaSeq 6000', '全基因组测序', '过敏相关基因', '/data/genomics/S009_WGS.vcf', NOW(), NOW());

-- 插入蛋白组学数据
INSERT INTO biobank_proteomics_data (sample_id, analysis_platform, protein_marker, concentration, created_at, updated_at) VALUES
(2, '质谱仪', 'IgE', 450.5, NOW(), NOW()),
(4, '质谱仪', 'IL-4', 25.3, NOW(), NOW()),
(6, '质谱仪', 'IgE', 380.2, NOW(), NOW()),
(8, '质谱仪', 'IL-13', 18.7, NOW(), NOW()),
(10, '质谱仪', 'IgE', 520.8, NOW(), NOW());

-- ========================================
-- 随访系统测试数据
-- ========================================

-- 插入随访计划
INSERT INTO followup_plan (patient_id, plan_name, plan_type, start_date, end_date, frequency, status, created_by, created_at, updated_at) VALUES
(1, '过敏性鼻炎随访计划', '门诊随访', '2024-01-16', '2024-07-16', '每月一次', 'active', 'doctor001', NOW(), NOW()),
(2, '特应性皮炎随访计划', '门诊随访', '2024-01-19', '2024-10-19', '每2周一次', 'active', 'doctor001', NOW(), NOW()),
(3, '食物过敏随访计划', '门诊随访', '2024-02-26', '2024-08-26', '每月一次', 'active', 'doctor001', NOW(), NOW()),
(4, '支气管哮喘随访计划', '门诊随访', '2024-03-11', '2024-09-11', '每2周一次', 'active', 'doctor001', NOW(), NOW()),
(5, '花粉过敏随访计划', '门诊随访', '2024-03-16', '2024-06-16', '每周一次', 'active', 'doctor001', NOW(), NOW()),
(6, '湿疹随访计划', '门诊随访', '2024-03-21', '2024-09-21', '每3周一次', 'active', 'doctor001', NOW(), NOW()),
(7, '过敏性咳嗽随访计划', '门诊随访', '2024-03-26', '2024-09-26', '每月一次', 'active', 'doctor001', NOW(), NOW()),
(8, '药物过敏随访计划', '门诊随访', '2024-04-02', '2024-10-02', '每2周一次', 'active', 'doctor001', NOW(), NOW());

-- 插入随访记录
INSERT INTO followup_record (plan_id, patient_id, followup_date, followup_method, symptoms, treatment_effect, next_plan, followup_doctor, created_at, updated_at) VALUES
(1, 1, '2024-02-16 09:00:00', '门诊', '鼻塞症状减轻，仍有轻微打喷嚏', '抗组胺药物效果良好', '继续当前治疗方案，注意避免过敏原', 'doctor001', NOW(), NOW()),
(1, 1, '2024-03-16 09:00:00', '门诊', '症状基本控制，偶有轻微鼻痒', '治疗效果显著', '可考虑减量维持治疗', 'doctor001', NOW(), NOW()),
(2, 2, '2024-02-02 14:00:00', '门诊', '皮疹面积缩小，瘙痒减轻', '外用激素效果良好', '继续外用治疗，注意保湿', 'doctor001', NOW(), NOW()),
(2, 2, '2024-02-16 14:00:00', '门诊', '皮疹进一步改善，皮肤屏障功能恢复', '治疗效果良好', '可考虑停用激素，改用保湿剂', 'doctor001', NOW(), NOW()),
(3, 3, '2024-03-26 10:00:00', '门诊', '无过敏反应，饮食控制良好', '避免过敏原效果显著', '继续严格避免海鲜类食物', 'doctor001', NOW(), NOW()),
(4, 4, '2024-03-25 15:00:00', '门诊', '哮喘症状控制良好，肺功能改善', '吸入激素效果良好', '继续吸入治疗，定期监测肺功能', 'doctor001', NOW(), NOW()),
(5, 5, '2024-03-23 09:00:00', '门诊', '花粉季节症状加重，需要调整治疗', '当前治疗不足', '增加抗组胺药物剂量，考虑免疫治疗', 'doctor001', NOW(), NOW()),
(6, 6, '2024-04-11 14:00:00', '门诊', '湿疹症状改善，皮肤干燥减轻', '保湿治疗有效', '继续保湿治疗，避免刺激性物质', 'doctor001', NOW(), NOW()),
(7, 7, '2024-04-26 10:00:00', '门诊', '咳嗽症状减轻，夜间咳嗽减少', '治疗有效', '继续当前治疗方案', 'doctor001', NOW(), NOW()),
(8, 8, '2024-04-16 15:00:00', '门诊', '无过敏反应，药物耐受良好', '避免过敏药物效果良好', '建立药物过敏档案，避免相关药物', 'doctor001', NOW(), NOW());

-- 插入用药监测记录
INSERT INTO medication_monitor (followup_id, medication_name, dosage, frequency, start_date, end_date, side_effects, compliance, created_at, updated_at) VALUES
(1, '氯雷他定', '10mg', '每日一次', '2024-01-16', '2024-07-16', '轻微嗜睡', '良好', NOW(), NOW()),
(1, '布地奈德鼻喷剂', '64μg', '每日两次', '2024-01-16', '2024-07-16', '无', '良好', NOW(), NOW()),
(3, '糠酸莫米松软膏', '0.1%', '每日两次', '2024-01-19', '2024-10-19', '皮肤萎缩', '良好', NOW(), NOW()),
(4, '尿素软膏', '10%', '每日三次', '2024-02-02', '2024-10-19', '无', '良好', NOW(), NOW()),
(5, '肾上腺素笔', '0.3mg', '按需使用', '2024-02-26', '2024-08-26', '无', '良好', NOW(), NOW()),
(6, '沙丁胺醇吸入剂', '100μg', '每日两次', '2024-03-11', '2024-09-11', '心悸', '良好', NOW(), NOW()),
(7, '西替利嗪', '10mg', '每日一次', '2024-03-16', '2024-06-16', '轻微口干', '良好', NOW(), NOW()),
(8, '他克莫司软膏', '0.1%', '每日两次', '2024-03-21', '2024-09-21', '轻微灼烧感', '良好', NOW(), NOW()),
(9, '孟鲁司特', '10mg', '每日一次', '2024-03-26', '2024-09-26', '无', '良好', NOW(), NOW()),
(10, '抗组胺药物', '按需', '按需使用', '2024-04-02', '2024-10-02', '无', '良好', NOW(), NOW()); 